0.1720,Hornady,V-MAX 21710,20,0,0.097,0.185,0.000,0.000,0.000,0.000,0,0,0,0,0.000
0.1720,Hornady,HP 1710,25,0,0.121,0.187,0.000,0.000,0.000,0.000,0,0,0,0,0.000
0.1720,Hornady,V-MAX 17105,25,0,0.121,0.230,0.000,0.000,0.000,0.000,0,0,0,0,0.000
0.2040,Hornady,NTX 22000,30,0,0.103,0.212,0.000,0.000,0.000,0.000,0,0,0,0,0.000
0.2040,Hornady,V-MAX 22004/22406,32,0,0.110,0.210,0.000,0.000,0.000,0.000,0,0,0,0,0.000
0.2040,Hornady,V-MAX 22006/22605,40,0,0.137,0.275,0.000,0.000,0.000,0.000,0,0,0,0,0.000
0.2040,Hornady,SP 22008,45,0,0.154,0.245,0.000,0.000,0.000,0.000,0,0,0,0,0.000
0.2220,Hornady,JET 2210,40,0,0.116,0.104,0.000,0.000,0.000,0.000,0,0,0,0,0.000
0.2230,Hornady,HORNET 2220,45,0,0.129,0.202,0.000,0.000,0.000,0.000,0,0,0,0,0.000
0.2240,Hornady,NTX 22240,35,0,0.100,0.195,0.000,0.000,0.000,0.000,0,0,0,0,0.000
0.2240,Hornady,V-MAX 22252,35,0,0.100,0.109,0.000,0.000,0.000,0.000,0,0,0,0,0.000
0.2240,Hornady,V-MAX 22241/22416,40,0,0.114,0.200,0.000,0.000,0.000,0.000,0,0,0,0,0.000
0.2240,Hornady,HORNET 2230,45,0,0.128,0.202,0.000,0.000,0.000,0.000,0,0,0,0,0.000
0.2240,Hornady,HP BEE 2229,45,0,0.128,0.108,0.000,0.000,0.000,0.000,0,0,0,0,0.000
0.2240,Hornady,SP 2245,50,0,0.142,0.214,0.000,0.000,0.000,0.000,0,0,0,0,0.000
0.2240,Hornady,SPSX 2240,50,0,0.142,0.214,0.000,0.000,0.000,0.000,0,0,0,0,0.000
0.2240,Hornady,V-MAX 22261/22616,50,0,0.142,0.242,0.000,0.000,0.000,0.000,0,0,0,0,0.000
0.2240,Hornady,V-MAX M 22613,50,0,0.142,0.242,0.000,0.000,0.000,0.000,0,0,0,0,0.000
0.2240,Hornady,A-MAX 22492,52,0,0.148,0.247,0.000,0.000,0.000,0.000,0,0,0,0,0.000
0.2240,Hornady,BTHP 2249,52,0,0.148,0.229,0.000,0.000,0.000,0.000,0,0,0,0,0.000
0.2240,Hornady,HP 2250,53,0,0.151,0.218,0.000,0.000,0.000,0.000,0,0,0,0,0.000
0.2240,Hornady,V-MAX 22265,53,0,0.151,0.290,0.000,0.000,0.000,0.000,0,0,0,0,0.000
0.2240,Hornady,BT-FMJ W/C 2267,55,0,0.157,0.243,0.000,0.000,0.000,0.000,0,0,0,0,0.000
0.2240,Hornady,GMX 22273,55,0,0.157,0.270,0.000,0.000,0.000,0.000,0,0,0,0,0.000
0.2240,Hornady,SP 2265,55,0,0.157,0.235,0.000,0.000,0.000,0.000,0,0,0,0,0.000
0.2240,Hornady,SP W/C 2266,55,0,0.157,0.235,0.000,0.000,0.000,0.000,0,0,0,0,0.000
0.2240,Hornady,SPSPX 2260,55,0,0.157,0.235,0.000,0.000,0.000,0.000,0,0,0,0,0.000
0.2240,Hornady,V-MAX 22271/22716,55,0,0.157,0.255,0.000,0.000,0.000,0.000,0,0,0,0,0.000
0.2240,Hornady,V-MAX M 22713,55,0,0.157,0.255,0.000,0.000,0.000,0.000,0,0,0,0,0.000
0.2240,Hornady,V-MAX W/C 22272,55,0,0.157,0.255,0.000,0.000,0.000,0.000,0,0,0,0,0.000
0.2240,Hornady,HP 2275,60,0,0.171,0.271,0.000,0.000,0.000,0.000,0,0,0,0,0.000
0.2240,Hornady,SP 2270,60,0,0.171,0.264,0.000,0.000,0.000,0.000,0,0,0,0,0.000
0.2240,Hornady,V-MAX 22281,60,0,0.171,0.265,0.000,0.000,0.000,0.000,0,0,0,0,0.000
0.2240,Hornady,BTHP 2278,68,0,0.194,0.355,0.000,0.000,0.000,0.000,0,0,0,0,0.000
0.2240,Hornady,GMX 2281,70,0,0.199,0.350,0.000,0.000,0.000,0.000,0,0,0,0,0.000
0.2240,Hornady,A-MAX 22792/227926,75,0,0.214,0.435,0.000,0.000,0.000,0.000,0,0,0,0,0.000
0.2240,Hornady,A-MAX M 22794,75,0,0.214,0.435,0.000,0.000,0.000,0.000,0,0,0,0,0.000
0.2240,Hornady,BTHP 2279/22796,75,0,0.214,0.395,0.000,0.000,0.000,0.000,0,0,0,0,0.000
0.2240,Hornady,A-MAX 22832/228326,80,0,0.228,0.473,0.000,0.000,0.000,0.000,0,0,0,0,0.000
0.2270,Hornady,SP W/C 2280,70,0,0.194,0.296,0.000,0.000,0.000,0.000,0,0,0,0,0.000
0.2430,Hornady,V-MAX 22411,58,0,0.140,0.250,0.000,0.000,0.000,0.000,0,0,0,0,0.000
0.2430,Hornady,V-MAX M 24113,58,0,0.140,0.250,0.000,0.000,0.000,0.000,0,0,0,0,0.000
0.2430,Hornady,V-MAX 22415,65,0,0.157,0.280,0.000,0.000,0.000,0.000,0,0,0,0,0.000
0.2430,Hornady,SP 2410,70,0,0.169,0.269,0.000,0.000,0.000,0.000,0,0,0,0,0.000
0.2430,Hornady,HP 2420,75,0,0.181,0.294,0.000,0.000,0.000,0.000,0,0,0,0,0.000
0.2430,Hornady,V-MAX 22420,75,0,0.181,0.330,0.000,0.000,0.000,0.000,0,0,0,0,0.000
0.2430,Hornady,FMJ 2430,80,0,0.194,0.261,0.000,0.000,0.000,0.000,0,0,0,0,0.000
0.2430,Hornady,GMX 24370,80,0,0.194,0.300,0.000,0.000,0.000,0.000,0,0,0,0,0.000
0.2430,Hornady,InterBond 24539,85,0,0.206,0.395,0.000,0.000,0.000,0.000,0,0,0,0,0.000
0.2430,Hornady,BTHP 2442,87,0,0.210,0.376,0.000,0.000,0.000,0.000,0,0,0,0,0.000
0.2430,Hornady,SP 2440,87,0,0.210,0.327,0.000,0.000,0.000,0.000,0,0,0,0,0.000
0.2430,Hornady,V-MAX 22440,87,0,0.210,0.400,0.000,0.000,0.000,0.000,0,0,0,0,0.000
0.2430,Hornady,SST 24532,95,0,0.230,0.355,0.000,0.000,0.000,0.000,0,0,0,0,0.000
0.2430,Hornady,BTSP INTERLOCK 2453,100,0,0.242,0.405,0.000,0.000,0.000,0.000,0,0,0,0,0.000
0.2430,Hornady,SP INTERLOCK 2450,100,0,0.242,0.381,0.000,0.000,0.000,0.000,0,0,0,0,0.000
0.2430,Hornady,A-MAX 24562,105,0,0.254,0.500,0.000,0.000,0.000,0.000,0,0,0,0,0.000
0.2430,Hornady,A-MAX M 24564,105,0,0.254,0.500,0.000,0.000,0.000,0.000,0,0,0,0,0.000
0.2430,Hornady,BTHP 2458,105,0,0.254,0.530,0.000,0.000,0.000,0.000,0,0,0,0,0.000
0.2570,Hornady,FP INTERLOCK 2510,60,0,0.130,0.101,0.000,0.000,0.000,0.000,0,0,0,0,0.000
0.2570,Hornady,HP 2520,75,0,0.162,0.257,0.000,0.000,0.000,0.000,0,0,0,0,0.000
0.2570,Hornady,V-MAX 22520,75,0,0.162,0.290,0.000,0.000,0.000,0.000,0,0,0,0,0.000
0.2570,Hornady,SP 2530,87,0,0.188,0.322,0.000,0.000,0.000,0.000,0,0,0,0,0.000
0.2570,Hornady,GMX 25410,90,0,0.195,0.290,0.000,0.000,0.000,0.000,0,0,0,0,0.000
0.2570,Hornady,SP INTERLOCK 2540,100,0,0.216,0.357,0.000,0.000,0.000,0.000,0,0,0,0,0.000
0.2570,Hornady,InterBond 25419,110,0,0.238,0.335,0.000,0.000,0.000,0.000,0,0,0,0,0.000
0.2570,Hornady,BTSP INTERLOCK 2552,117,0,0.253,0.391,0.000,0.000,0.000,0.000,0,0,0,0,0.000
0.2570,Hornady,RN INTERLOCK 2550,117,0,0.253,0.243,0.000,0.000,0.000,0.000,0,0,0,0,0.000
0.2570,Hornady,SST 25522,117,0,0.253,0.390,0.000,0.000,0.000,0.000,0,0,0,0,0.000
0.2570,Hornady,HP INTERLOCK 2560,120,0,0.260,0.394,0.000,0.000,0.000,0.000,0,0,0,0,0.000
0.2640,Hornady,V-MAX 22601,95,0,0.195,0.365,0.000,0.000,0.000,0.000,0,0,0,0,0.000
0.2640,Hornady,SP INTERLOCK 2610,100,0,0.205,0.358,0.000,0.000,0.000,0.000,0,0,0,0,0.000
0.2640,Hornady,A-MAX 26172,120,0,0.246,0.465,0.000,0.000,0.000,0.000,0,0,0,0,0.000
0.2640,Hornady,GMX 26110,120,0,0.246,0.450,0.000,0.000,0.000,0.000,0,0,0,0,0.000
0.2640,Hornady,A-MAX 26171,123,0,0.252,0.510,0.000,0.000,0.000,0.000,0,0,0,0,0.000
0.2640,Hornady,InterBond 26209,129,0,0.264,0.485,0.000,0.000,0.000,0.000,0,0,0,0,0.000
0.2640,Hornady,SP INTERLOCK 2620,129,0,0.264,0.445,0.000,0.000,0.000,0.000,0,0,0,0,0.000
0.2640,Hornady,SST 26202,129,0,0.264,0.485,0.000,0.000,0.000,0.000,0,0,0,0,0.000
0.2640,Hornady,A-MAX 26332,140,0,0.287,0.585,0.000,0.000,0.000,0.000,0,0,0,0,0.000
0.2640,Hornady,BTHP 26335,140,0,0.287,0.580,0.000,0.000,0.000,0.000,0,0,0,0,0.000
0.2640,Hornady,SP INTERLOCK 2630,140,0,0.287,0.465,0.000,0.000,0.000,0.000,0,0,0,0,0.000
0.2640,Hornady,SST 26302,140,0,0.287,0.520,0.000,0.000,0.000,0.000,0,0,0,0,0.000
0.2670,Hornady,Carcano RN INTERLOCK 2645,160,0,0.321,0.275,0.000,0.000,0.000,0.000,0,0,0,0,0.000
0.2770,Hornady,SP 2710,100,0,0.186,0.307,0.000,0.000,0.000,0.000,0,0,0,0,0.000
0.2770,Hornady,BTHP W/C 27200,110,0,0.205,0.360,0.000,0.000,0.000,0.000,0,0,0,0,0.000
0.2770,Hornady,HP 2720,110,0,0.205,0.352,0.000,0.000,0.000,0.000,0,0,0,0,0.000
0.2770,Hornady,V-MAX W/C 22721,110,0,0.205,0.370,0.000,0.000,0.000,0.000,0,0,0,0,0.000
0.2770,Hornady,GMX 27370,130,0,0.242,0.460,0.000,0.000,0.000,0.000,0,0,0,0,0.000
0.2770,Hornady,InterBond 27309,130,0,0.242,0.460,0.000,0.000,0.000,0.000,0,0,0,0,0.000
0.2770,Hornady,SP INTERLOCK 2730,130,0,0.242,0.409,0.000,0.000,0.000,0.000,0,0,0,0,0.000
0.2770,Hornady,SST 27302,130,0,0.242,0.460,0.000,0.000,0.000,0.000,0,0,0,0,0.000
0.2770,Hornady,BTSP INTERLOCK 2735,140,0,0.261,0.486,0.000,0.000,0.000,0.000,0,0,0,0,0.000
0.2770,Hornady,SST 27352,140,0,0.261,0.495,0.000,0.000,0.000,0.000,0,0,0,0,0.000
0.2770,Hornady,InterBond 27409,150,0,0.279,0.525,0.000,0.000,0.000,0.000,0,0,0,0,0.000
0.2770,Hornady,SP INTERLOCK 2740,150,0,0.279,0.462,0.000,0.000,0.000,0.000,0,0,0,0,0.000
0.2770,Hornady,SST 27402,150,0,0.279,0.525,0.000,0.000,0.000,0.000,0,0,0,0,0.000
0.2840,Hornady,HP 2815,120,0,0.213,0.334,0.000,0.000,0.000,0.000,0,0,0,0,0.000
0.2840,Hornady,SP 2810,120,0,0.213,0.350,0.000,0.000,0.000,0.000,0,0,0,0,0.000
0.2840,Hornady,V-MAX 22810,120,0,0.213,0.365,0.000,0.000,0.000,0.000,0,0,0,0,0.000
0.2840,Hornady,BTSP INTERLOCK 2825,139,0,0.246,0.453,0.000,0.000,0.000,0.000,0,0,0,0,0.000
0.2840,Hornady,GMX 28270,139,0,0.246,0.486,0.000,0.000,0.000,0.000,0,0,0,0,0.000
0.2840,Hornady,InterBond 28209,139,0,0.246,0.486,0.000,0.000,0.000,0.000,0,0,0,0,0.000
0.2840,Hornady,SP INTERLOCK 2820,139,0,0.246,0.392,0.000,0.000,0.000,0.000,0,0,0,0,0.000
0.2840,Hornady,SST 28202,139,0,0.246,0.486,0.000,0.000,0.000,0.000,0,0,0,0,0.000
0.2840,Hornady,InterBond 28309,154,0,0.273,0.525,0.000,0.000,0.000,0.000,0,0,0,0,0.000
0.2840,Hornady,SP INTERLOCK 2830,154,0,0.273,0.433,0.000,0.000,0.000,0.000,0,0,0,0,0.000
0.2840,Hornady,SST 28302,154,0,0.273,0.525,0.000,0.000,0.000,0.000,0,0,0,0,0.000
0.2840,Hornady,A-MAX 28402,162,0,0.287,0.625,0.000,0.000,0.000,0.000,0,0,0,0,0.000
0.2840,Hornady,BTHP 28405,162,0,0.287,0.610,0.000,0.000,0.000,0.000,0,0,0,0,0.000
0.2840,Hornady,BTSP INTERLOCK 2845,162,0,0.287,0.514,0.000,0.000,0.000,0.000,0,0,0,0,0.000
0.2840,Hornady,SST 28452,162,0,0.287,0.550,0.000,0.000,0.000,0.000,0,0,0,0,0.000
0.2840,Hornady,RN INTERLOCK 2855,175,0,0.310,0.285,0.000,0.000,0.000,0.000,0,0,0,0,0.000
0.2840,Hornady,SP INTERLOCK 2850,175,0,0.310,0.462,0.000,0.000,0.000,0.000,0,0,0,0,0.000
0.3080,Hornady,RN 3100,86,0,0.130,0.105,0.000,0.000,0.000,0.000,0,0,0,0,0.000
0.3080,Hornady,XTP 31000,90,0,0.136,0.115,0.000,0.000,0.000,0.000,0,0,0,0,0.000
0.3080,Hornady,SJ 3005,100,0,0.151,0.152,0.000,0.000,0.000,0.000,0,0,0,0,0.000
0.3080,Hornady,FMJ 3017,110,0,0.166,0.178,0.000,0.000,0.000,0.000,0,0,0,0,0.000
0.3080,Hornady,RN INTERLOCK 3015,110,0,0.166,0.150,0.000,0.000,0.000,0.000,0,0,0,0,0.000
0.3080,Hornady,SP 3010,110,0,0.166,0.256,0.000,0.000,0.000,0.000,0,0,0,0,0.000
0.3080,Hornady,V-MAX 23010,110,0,0.166,0.290,0.000,0.000,0.000,0.000,0,0,0,0,0.000
0.3080,Hornady,SP 3020,130,0,0.196,0.295,0.000,0.000,0.000,0.000,0,0,0,0,0.000
0.3080,Hornady,MonoFlex 30310,140,0,0.211,0.277,0.000,0.000,0.000,0.000,0,0,0,0,0.000
0.3080,Hornady,MonoFlex 30311,140,0,0.211,0.335,0.000,0.000,0.000,0.000,0,0,0,0,0.000
0.3080,Hornady,BRSP INTERLOCK 3033,150,0,0.226,0.349,0.000,0.000,0.000,0.000,0,0,0,0,0.000
0.3080,Hornady,BT-FMJ 3037,150,0,0.226,0.398,0.000,0.000,0.000,0.000,0,0,0,0,0.000
0.3080,Hornady,GMX 30370,150,0,0.226,0.415,0.000,0.000,0.000,0.000,0,0,0,0,0.000
0.3080,Hornady,InterBond 30309,150,0,0.226,0.415,0.000,0.000,0.000,0.000,0,0,0,0,0.000
0.3080,Hornady,RN 30-30 INTERLOCK 3035,150,0,0.226,0.186,0.000,0.000,0.000,0.000,0,0,0,0,0.000
0.3080,Hornady,SP INTERLOCK 3031,150,0,0.226,0.338,0.000,0.000,0.000,0.000,0,0,0,0,0.000
0.3080,Hornady,SST 30302,150,0,0.226,0.415,0.000,0.000,0.000,0.000,0,0,0,0,0.000
0.3080,Hornady,A-MAX 30312,155,0,0.233,0.435,0.000,0.000,0.000,0.000,0,0,0,0,0.000
0.3080,Hornady,A-MAX M 30314,155,0,0.233,0.435,0.000,0.000,0.000,0.000,0,0,0,0,0.000
0.3080,Hornady,FTX 30-30 30395,160,0,0.241,0.330,0.000,0.000,0.000,0.000,0,0,0,0,0.000
0.3080,Hornady,FTX Marlin Exp 30396,160,0,0.241,0.395,0.000,0.000,0.000,0.000,0,0,0,0,0.000
0.3080,Hornady,BTSP INTERLOCK 3045,165,0,0.248,0.435,0.000,0.000,0.000,0.000,0,0,0,0,0.000
0.3080,Hornady,GMX 30470,165,0,0.248,0.447,0.000,0.000,0.000,0.000,0,0,0,0,0.000
0.3080,Hornady,InterBond 30459,165,0,0.248,0.447,0.000,0.000,0.000,0.000,0,0,0,0,0.000
0.3080,Hornady,SP INTERLOCK 3040,165,0,0.248,0.387,0.000,0.000,0.000,0.000,0,0,0,0,0.000
0.3080,Hornady,SST 30452,165,0,0.248,0.447,0.000,0.000,0.000,0.000,0,0,0,0,0.000
0.3080,Hornady,A-MAX 30502/305026,168,0,0.253,0.475,0.000,0.000,0.000,0.000,0,0,0,0,0.000
0.3080,Hornady,A-MAX M 30504,168,0,0.253,0.475,0.000,0.000,0.000,0.000,0,0,0,0,0.000
0.3080,Hornady,BTHP 30501/305016,168,0,0.253,0.450,0.000,0.000,0.000,0.000,0,0,0,0,0.000
0.3080,Hornady,BTHP M 30503,168,0,0.253,0.450,0.000,0.000,0.000,0.000,0,0,0,0,0.000
0.3080,Hornady,FP 30-30 INTERLOCK 3060,170,0,0.256,0.189,0.000,0.000,0.000,0.000,0,0,0,0,0.000
0.3080,Hornady,A-MAX 30712,178,0,0.268,0.495,0.000,0.000,0.000,0.000,0,0,0,0,0.000
0.3080,Hornady,BTHP 30715,178,0,0.268,0.530,0.000,0.000,0.000,0.000,0,0,0,0,0.000
0.3080,Hornady,BTSP INTERLOCK 3072,180,0,0.271,0.452,0.000,0.000,0.000,0.000,0,0,0,0,0.000
0.3080,Hornady,InterBond 30709,180,0,0.271,0.480,0.000,0.000,0.000,0.000,0,0,0,0,0.000
0.3080,Hornady,RN INTERLOCK 3075,180,0,0.271,0.241,0.000,0.000,0.000,0.000,0,0,0,0,0.000
0.3080,Hornady,SP INTERLOCK 3070,180,0,0.271,0.425,0.000,0.000,0.000,0.000,0,0,0,0,0.000
0.3080,Hornady,SST 30702,180,0,0.271,0.480,0.000,0.000,0.000,0.000,0,0,0,0,0.000
0.3080,Hornady,BTSP INTERLOCK 3085,190,0,0.286,0.491,0.000,0.000,0.000,0.000,0,0,0,0,0.000
0.3080,Hornady,A-MAX 30732,208,0,0.313,0.648,0.000,0.000,0.000,0.000,0,0,0,0,0.000
0.3080,Hornady,BTHP 30733,208,0,0.313,0.620,0.000,0.000,0.000,0.000,0,0,0,0,0.000
0.3080,Hornady,RN INTERLOCK 3090,220,0,0.331,0.300,0.000,0.000,0.000,0.000,0,0,0,0,0.000
0.3080,Hornady,BTHP 30903,225,0,0.339,0.670,0.000,0.000,0.000,0.000,0,0,0,0,0.000
0.3100,Hornady,SP 7.62x39mm INTERLOCK 3140,123,0,0.183,0.252,0.000,0.000,0.000,0.000,0,0,0,0,0.000
0.3105,Hornady,BT-FMJ 303 3131,174,0,0.258,0.470,0.000,0.000,0.000,0.000,0,0,0,0,0.000
0.3120,Hornady,XTP 32010,60,0,0.088,0.090,0.000,0.000,0.000,0.000,0,0,0,0,0.000
0.3120,Hornady,XTP 32050,85,0,0.125,0.145,0.000,0.000,0.000,0.000,0,0,0,0,0.000
0.3120,Hornady,XTP 32070,100,0,0.147,0.170,0.000,0.000,0.000,0.000,0,0,0,0,0.000
0.3120,Hornady,SP INTERLOCK 3120,150,0,0.220,0.361,0.000,0.000,0.000,0.000,0,0,0,0,0.000
0.3120,Hornady,RN INTERLOCK 3130,174,0,0.255,0.262,0.000,0.000,0.000,0.000,0,0,0,0,0.000
0.3140,Hornady,HBWC 10028,90,0,0.130,0.040,0.000,0.000,0.000,0.000,0,0,0,0,0.000
0.3140,Hornady,SWC 10008,90,0,0.130,0.096,0.000,0.000,0.000,0.000,0,0,0,0,0.000
0.3210,Hornady,FTX 32005,165,0,0.229,0.310,0.000,0.000,0.000,0.000,0,0,0,0,0.000
0.3210,Hornady,FP INTERLOCK 3210,170,0,0.236,0.249,0.000,0.000,0.000,0.000,0,0,0,0,0.000
0.3230,Hornady,SP INTERLOCK 3232,150,0,0.205,0.290,0.000,0.000,0.000,0.000,0,0,0,0,0.000
0.3230,Hornady,RN INTERLOCK 3235,170,0,0.233,0.217,0.000,0.000,0.000,0.000,0,0,0,0,0.000
0.3230,Hornady,SP INTERLOCK 3236,195,0,0.267,0.410,0.000,0.000,0.000,0.000,0,0,0,0,0.000
0.3380,Hornady,GMX 33270,185,0,0.231,0.420,0.000,0.000,0.000,0.000,0,0,0,0,0.000
0.3380,Hornady,FTX Marlin Exp 33104,200,0,0.250,0.430,0.000,0.000,0.000,0.000,0,0,0,0,0.000
0.3380,Hornady,SP-RP INTERLOCK 3310,200,0,0.250,0.361,0.000,0.000,0.000,0.000,0,0,0,0,0.000
0.3380,Hornady,SST 33102,200,0,0.250,0.455,0.000,0.000,0.000,0.000,0,0,0,0,0.000
0.3380,Hornady,InterBond 33209,225,0,0.281,0.430,0.000,0.000,0.000,0.000,0,0,0,0,0.000
0.3380,Hornady,SP-RP INTERLOCK 3320,225,0,0.281,0.397,0.000,0.000,0.000,0.000,0,0,0,0,0.000
0.3380,Hornady,SST 33202,225,0,0.281,0.515,0.000,0.000,0.000,0.000,0,0,0,0,0.000
0.3380,Hornady,BTHP 33361,250,0,0.313,0.670,0.000,0.000,0.000,0.000,0,0,0,0,0.000
0.3380,Hornady,RN INTERLOCK 3330,250,0,0.313,0.291,0.000,0.000,0.000,0.000,0,0,0,0,0.000
0.3380,Hornady,SP-RP INTERLOCK 3335,250,0,0.313,0.431,0.000,0.000,0.000,0.000,0,0,0,0,0.000
0.3380,Hornady,BTHP 3339,285,0,0.356,0.720,0.000,0.000,0.000,0.000,0,0,0,0,0.000
0.3480,Hornady,FP INTERLOCK 3410,200,0,0.236,0.246,0.000,0.000,0.000,0.000,0,0,0,0,0.000
0.3550,Hornady,XTP 35500,90,0,0.102,0.099,0.000,0.000,0.000,0.000,0,0,0,0,0.000
0.3550,Hornady,FMJ RN 35557,115,0,0.130,0.140,0.000,0.000,0.000,0.000,0,0,0,0,0.000
0.3550,Hornady,XTP 35540,115,0,0.130,0.129,0.000,0.000,0.000,0.000,0,0,0,0,0.000
0.3550,Hornady,FMJ FP 35567B,124,0,0.141,0.174,0.000,0.000,0.000,0.000,0,0,0,0,0.000
0.3550,Hornady,FMJ RN 35577B,124,0,0.141,0.145,0.000,0.000,0.000,0.000,0,0,0,0,0.000
0.3550,Hornady,XTP 35571,124,0,0.141,0.165,0.000,0.000,0.000,0.000,0,0,0,0,0.000
0.3550,Hornady,XTP 35580,147,0,0.167,0.212,0.000,0.000,0.000,0.000,0,0,0,0,0.000
0.3560,Hornady,HAP 2800,121,0,0.136,0.147,0.000,0.000,0.000,0.000,0,0,0,0,0.000
0.3560,Hornady,HAP 35572B,125,0,0.141,0.158,0.000,0.000,0.000,0.000,0,0,0,0,0.000
0.3570,Hornady,XTP 35700,110,0,0.123,0.131,0.000,0.000,0.000,0.000,0,0,0,0,0.000
0.3570,Hornady,XTP 35710,125,0,0.140,0.151,0.000,0.000,0.000,0.000,0,0,0,0,0.000
0.3570,Hornady,XTP 35730,125,0,0.140,0.148,0.000,0.000,0.000,0.000,0,0,0,0,0.000
0.3570,Hornady,FTX 35745,140,0,0.157,0.160,0.000,0.000,0.000,0.000,0,0,0,0,0.000
0.3570,Hornady,XTP 35740,140,0,0.157,0.169,0.000,0.000,0.000,0.000,0,0,0,0,0.000
0.3570,Hornady,XTP 35750,158,0,0.177,0.206,0.000,0.000,0.000,0.000,0,0,0,0,0.000
0.3570,Hornady,XTP 35780,158,0,0.177,0.199,0.000,0.000,0.000,0.000,0,0,0,0,0.000
0.3570,Hornady,XTP 35771,180,0,0.202,0.230,0.000,0.000,0.000,0.000,0,0,0,0,0.000
0.3580,Hornady,Cowboy 10078,140,0,0.156,0.127,0.000,0.000,0.000,0.000,0,0,0,0,0.000
0.3580,Hornady,HBWC 10208,148,0,0.165,0.047,0.000,0.000,0.000,0.000,0,0,0,0,0.000
0.3580,Hornady,LRN 10508,158,0,0.176,0.159,0.000,0.000,0.000,0.000,0,0,0,0,0.000
0.3580,Hornady,SWC 10408,158,0,0.176,0.135,0.000,0.000,0.000,0.000,0,0,0,0,0.000
0.3580,Hornady,SWC/HP 10428,158,0,0.176,0.139,0.000,0.000,0.000,0.000,0,0,0,0,0.000
0.3580,Hornady,SP-SSP INTERLOCK 3505,180,0,0.201,0.248,0.000,0.000,0.000,0.000,0,0,0,0,0.000
0.3580,Hornady,FTX 35105,200,0,0.223,0.300,0.000,0.000,0.000,0.000,0,0,0,0,0.000
0.3580,Hornady,RN INTERLOCK 3515,200,0,0.223,0.195,0.000,0.000,0.000,0.000,0,0,0,0,0.000
0.3580,Hornady,SP INTERLOCK 3510,200,0,0.223,0.282,0.000,0.000,0.000,0.000,0,0,0,0,0.000
0.3580,Hornady,RN INTERLOCK 3525,250,0,0.279,0.271,0.000,0.000,0.000,0.000,0,0,0,0,0.000
0.3580,Hornady,SP-RP INTERLOCK 3520,250,0,0.279,0.375,0.000,0.000,0.000,0.000,0,0,0,0,0.000
0.3650,Hornady,XTP 36500,95,0,0.102,0.127,0.000,0.000,0.000,0.000,0,0,0,0,0.000
0.3660,Hornady,SP-RP INTERLOCK3560,286,0,0.305,0.400,0.000,0.000,0.000,0.000,0,0,0,0,0.000
0.3750,Hornady,FP 375 Win INTERLOCK 3705,220,0,0.223,0.217,0.000,0.000,0.000,0.000,0,0,0,0,0.000
0.3750,Hornady,SP-RP INTERLOCK 3706,225,0,0.229,0.320,0.000,0.000,0.000,0.000,0,0,0,0,0.000
0.3750,Hornady,SP-RP INTERLOCK 3711,270,0,0.274,0.380,0.000,0.000,0.000,0.000,0,0,0,0,0.000
0.3750,Hornady,BTSP-RP INTERLOCK 3725,300,0,0.305,0.460,0.000,0.000,0.000,0.000,0,0,0,0,0.000
0.3750,Hornady,DGS 3727,300,0,0.305,0.275,0.000,0.000,0.000,0.000,0,0,0,0,0.000
0.3750,Hornady,DGX 3721,300,0,0.305,0.275,0.000,0.000,0.000,0.000,0,0,0,0,0.000
0.3750,Hornady,RN INTERLOCK 3720,300,0,0.305,0.250,0.000,0.000,0.000,0.000,0,0,0,0,0.000
0.4000,Hornady,XTP 40000,155,0,0.138,0.137,0.000,0.000,0.000,0.000,0,0,0,0,0.000
0.4000,Hornady,HAP 40042B,180,0,0.161,0.164,0.000,0.000,0.000,0.000,0,0,0,0,0.000
0.4000,Hornady,XTP 40040,180,0,0.161,0.164,0.000,0.000,0.000,0.000,0,0,0,0,0.000
0.4000,Hornady,XTP 40060,200,0,0.179,0.199,0.000,0.000,0.000,0.000,0,0,0,0,0.000
0.4100,Hornady,XTP 41000,210,0,0.178,0.182,0.000,0.000,0.000,0.000,0,0,0,0,0.000
0.4100,Hornady,DGS 4103,400,0,0.340,0.325,0.000,0.000,0.000,0.000,0,0,0,0,0.000
0.4100,Hornady,DGX 4104,400,0,0.340,0.325,0.000,0.000,0.000,0.000,0,0,0,0,0.000
0.4110,Hornady,FP INTERLOCK 41050,300,0,0.254,0.215,0.000,0.000,0.000,0.000,0,0,0,0,0.000
0.4110,Hornady,SP INTERLOCK 41051,300,0,0.254,0.250,0.000,0.000,0.000,0.000,0,0,0,0,0.000
0.4160,Hornady,DGS 4167,400,0,0.330,0.319,0.000,0.000,0.000,0.000,0,0,0,0,0.000
0.4160,Hornady,DGX 4169,400,0,0.330,0.319,0.000,0.000,0.000,0.000,0,0,0,0,0.000
0.4160,Hornady,RN INTERLOCK 4165,400,0,0.330,0.311,0.000,0.000,0.000,0.000,0,0,0,0,0.000
0.4160,Hornady,BTHP 41691,450,0,0.371,0.720,0.000,0.000,0.000,0.000,0,0,0,0,0.000
0.4230,Hornady,DGS 4241,400,0,0.319,0.315,0.000,0.000,0.000,0.000,0,0,0,0,0.000
0.4230,Hornady,DGX 4240,400,0,0.319,0.315,0.000,0.000,0.000,0.000,0,0,0,0,0.000
0.4270,Hornady,Cowboy 11208,205,0,0.161,0.123,0.000,0.000,0.000,0.000,0,0,0,0,0.000
0.4300,Hornady,Cowboy 11058,180,0,0.139,0.114,0.000,0.000,0.000,0.000,0,0,0,0,0.000
0.4300,Hornady,XTP 44050,180,0,0.139,0.138,0.000,0.000,0.000,0.000,0,0,0,0,0.000
0.4300,Hornady,XTP 44100,200,0,0.155,0.170,0.000,0.000,0.000,0.000,0,0,0,0,0.000
0.4300,Hornady,FTX 44Mag 44105,225,0,0.174,0.150,0.000,0.000,0.000,0.000,0,0,0,0,0.000
0.4300,Hornady,CL-SIL 4425,240,0,0.185,0.174,0.000,0.000,0.000,0.000,0,0,0,0,0.000
0.4300,Hornady,SWC 11108,240,0,0.185,0.182,0.000,0.000,0.000,0.000,0,0,0,0,0.000
0.4300,Hornady,SWC/HP 11118,240,0,0.185,0.204,0.000,0.000,0.000,0.000,0,0,0,0,0.000
0.4300,Hornady,XTP 44200,240,0,0.185,0.205,0.000,0.000,0.000,0.000,0,0,0,0,0.000
0.4300,Hornady,FP INTERLOCK 4300,265,0,0.205,0.189,0.000,0.000,0.000,0.000,0,0,0,0,0.000
0.4300,Hornady,FTX 444 Marlin 4305,265,0,0.205,0.225,0.000,0.000,0.000,0.000,0,0,0,0,0.000
0.4300,Hornady,XTP 44280,300,0,0.232,0.245,0.000,0.000,0.000,0.000,0,0,0,0,0.000
0.4510,Hornady,FMJ SWC 45137,185,0,0.130,0.068,0.000,0.000,0.000,0.000,0,0,0,0,0.000
0.4510,Hornady,XTP 45100,185,0,0.130,0.139,0.000,0.000,0.000,0.000,0,0,0,0,0.000
0.4510,Hornady,FMJ CT 45157B,200,0,0.140,0.115,0.000,0.000,0.000,0.000,0,0,0,0,0.000
0.4510,Hornady,XTP 45140,200,0,0.140,0.151,0.000,0.000,0.000,0.000,0,0,0,0,0.000
0.4510,Hornady,FMJ FP 45187B,230,0,0.162,0.168,0.000,0.000,0.000,0.000,0,0,0,0,0.000
0.4510,Hornady,FMJ RN 45177,230,0,0.162,0.184,0.000,0.000,0.000,0.000,0,0,0,0,0.000
0.4510,Hornady,HAP 45161B,230,0,0.162,0.188,0.000,0.000,0.000,0.000,0,0,0,0,0.000
0.4510,Hornady,XTP 45160,230,0,0.162,0.188,0.000,0.000,0.000,0.000,0,0,0,0,0.000
0.4520,Hornady,FTX 460 SW 45215,200,0,0.140,0.145,0.000,0.000,0.000,0.000,0,0,0,0,0.000
0.4520,Hornady,L-C/T 12208,200,0,0.140,0.081,0.000,0.000,0.000,0.000,0,0,0,0,0.000
0.4520,Hornady,SWC 12108,200,0,0.140,0.070,0.000,0.000,0.000,0.000,0,0,0,0,0.000
0.4520,Hornady,FTX 45 Colt 45218,225,0,0.157,0.140,0.000,0.000,0.000,0.000,0,0,0,0,0.000
0.4520,Hornady,LRN 12308,230,0,0.161,0.207,0.000,0.000,0.000,0.000,0,0,0,0,0.000
0.4520,Hornady,XTP MAG 45220,240,0,0.168,0.160,0.000,0.000,0.000,0.000,0,0,0,0,0.000
0.4520,Hornady,FTX 450 BM 45201,250,0,0.175,0.210,0.000,0.000,0.000,0.000,0,0,0,0,0.000
0.4520,Hornady,XTP 45200,250,0,0.175,0.146,0.000,0.000,0.000,0.000,0,0,0,0,0.000
0.4520,Hornady,XTP 45230,300,0,0.210,0.180,0.000,0.000,0.000,0.000,0,0,0,0,0.000
0.4520,Hornady,XTP MAG 45235,300,0,0.210,0.200,0.000,0.000,0.000,0.000,0,0,0,0,0.000
0.4540,Hornady,Cowboy 12458,255,0,0.177,0.117,0.000,0.000,0.000,0.000,0,0,0,0,0.000
0.4580,Hornady,MonoFlex 45010,250,0,0.170,0.155,0.000,0.000,0.000,0.000,0,0,0,0,0.000
0.4580,Hornady,HP INTERLOCK 4500,300,0,0.204,0.197,0.000,0.000,0.000,0.000,0,0,0,0,0.000
0.4580,Hornady,FTX 45-70 45015,325,0,0.221,0.230,0.000,0.000,0.000,0.000,0,0,0,0,0.000
0.4580,Hornady,FP INTERLOCK 4503,350,0,0.238,0.195,0.000,0.000,0.000,0.000,0,0,0,0,0.000
0.4580,Hornady,RN INTERLOCK 4502,350,0,0.238,0.189,0.000,0.000,0.000,0.000,0,0,0,0,0.000
0.4580,Hornady,DGS 45033,480,0,0.327,0.285,0.000,0.000,0.000,0.000,0,0,0,0,0.000
0.4580,Hornady,DGX 45032,480,0,0.327,0.285,0.000,0.000,0.000,0.000,0,0,0,0,0.000
0.4580,Hornady,DGS 4507,500,0,0.341,0.295,0.000,0.000,0.000,0.000,0,0,0,0,0.000
0.4580,Hornady,DGX 4505,500,0,0.341,0.295,0.000,0.000,0.000,0.000,0,0,0,0,0.000
0.4580,Hornady,RN INTERLOCK 4504,500,0,0.341,0.287,0.000,0.000,0.000,0.000,0,0,0,0,0.000
0.4740,Hornady,DGS 4748,500,0,0.318,0.290,0.000,0.000,0.000,0.000,0,0,0,0,0.000
0.4740,Hornady,DGX 4747,500,0,0.318,0.290,0.000,0.000,0.000,0.000,0,0,0,0,0.000
0.4750,Hornady,XTP MAG 45700,325,0,0.206,0.150,0.000,0.000,0.000,0.000,0,0,0,0,0.000
0.4750,Hornady,XTP MAG 47550,400,0,0.253,0.182,0.000,0.000,0.000,0.000,0,0,0,0,0.000
0.5000,Hornady,FTX 50102,300,0,0.171,0.200,0.000,0.000,0.000,0.000,0,0,0,0,0.000
0.5000,Hornady,XTP MAG 50101,300,0,0.171,0.120,0.000,0.000,0.000,0.000,0,0,0,0,0.000
0.5000,Hornady,XTP MAG 50100,350,0,0.200,0.145,0.000,0.000,0.000,0.000,0,0,0,0,0.000
0.5000,Hornady,XTP 50105,500,0,0.286,0.185,0.000,0.000,0.000,0.000,0,0,0,0,0.000
0.5050,Hornady,DGS 5051,525,0,0.294,0.270,0.000,0.000,0.000,0.000,0,0,0,0,0.000
0.5050,Hornady,DGX 5050,525,0,0.294,0.270,0.000,0.000,0.000,0.000,0,0,0,0,0.000
0.5100,Hornady,DGS 5155,570,0,0.313,0.295,0.000,0.000,0.000,0.000,0,0,0,0,0.000
0.5100,Hornady,DGX 5150,570,0,0.313,0.295,0.000,0.000,0.000,0.000,0,0,0,0,0.000
0.5100,Hornady,A-MAX 5165,750,0,0.412,1.050,0.000,0.000,0.000,0.000,0,0,0,0,0.000


































































